{
  "trades": 58,
  "total_pnl": 10927.928090487294,
  "win_rate": 0.5862068965517241,
  "cagr": 3.8469240777731044,
  "sharpe": 6.369216565655702,
  "sortino": 13.951878781371367,
  "profit_factor": 2.8056864112942477,
  "max_dd": 0.023411932867915694,
  "calmar": 164.31467232870065,
  "vol": 0.07031020949015454,
  "expectancy": 188.41255328426368,
  "end_equity": 110927.92809048732,
  "mean_pretrade_score": 1.4177586206896553,
  "watchout_hits": 0.034482758620689655
}