{
  "trades": 52,
  "total_pnl": 16587.570611432573,
  "win_rate": 0.8846153846153846,
  "cagr": 3.0,
  "sharpe": 5.0,
  "sortino": 5.0,
  "profit_factor": 5.663230186105085,
  "max_dd": 0.025745095957852696,
  "calmar": 116.52704673974806,
  "vol": 0.06217128697152197,
  "expectancy": 318.9917425275495,
  "end_equity": 116587.57061143254,
  "mean_pretrade_score": 1.7765886151312578,
  "watchout_hits": 0.038461538461538464,
  "score": 2.322733937490708
}