{
  "trades": 68,
  "total_pnl": 8229.56848118141,
  "win_rate": 0.5441176470588235,
  "cagr": 2.175367473555426,
  "sharpe": 3.8626291674584685,
  "sortino": 5.0,
  "profit_factor": 1.9169302446653371,
  "max_dd": 0.021608497097240643,
  "calmar": 100.6718543990371,
  "vol": 0.07648153142903581,
  "expectancy": 121.02306589972662,
  "end_equity": 108229.56848118138,
  "mean_pretrade_score": 1.4298529411764707,
  "watchout_hits": 0.029411764705882353,
  "score": 1.9057206560842888
}