{
  "trades": 43,
  "total_pnl": 9978.396979555153,
  "win_rate": 0.9767441860465116,
  "cagr": 3.0,
  "sharpe": 5.0,
  "sortino": 5.0,
  "profit_factor": 10.0,
  "max_dd": 0.00031357029620874215,
  "calmar": 9567.23272667037,
  "vol": 0.014339957746048305,
  "expectancy": 232.05574371058495,
  "end_equity": 109978.39697955517,
  "mean_pretrade_score": 1.4562790697674417,
  "watchout_hits": 0.046511627906976744,
  "score": 2.4961463517411833
}