{
  "gen": 249,
  "best_score": 2.4961463517411833,
  "best_metrics": {
    "trades": 43,
    "total_pnl": 9978.396979555153,
    "win_rate": 0.9767441860465116,
    "cagr": 3.0,
    "sharpe": 5.0,
    "sortino": 5.0,
    "profit_factor": 10.0,
    "max_dd": 0.00031357029620874215,
    "calmar": 9567.23272667037,
    "vol": 0.014339957746048305,
    "expectancy": 232.05574371058495,
    "end_equity": 109978.39697955517,
    "mean_pretrade_score": 1.4562790697674417,
    "watchout_hits": 0.046511627906976744,
    "score": 2.4961463517411833
  },
  "best_gene": {
    "min_tradability": 37.8031856011883,
    "max_uncertainty": 1.5738687852516795,
    "bear_rsi_max": 40.887906575365406,
    "bear_macd_hist_max": 0.09080299737931596,
    "require_below_sma20_for_short": 0,
    "bull_rsi_min": 49.60046449264117,
    "bull_macd_hist_min": 0.05684787703577819,
    "bull_require_price_above_sma20": 0,
    "bull_confirm_count_needed": 3,
    "stop_type": 1,
    "stop_loss_pct": 0.14999999999999997,
    "take_profit_pct": 0.06046486565714703,
    "trailing_stop_pct": -0.8289299935072911,
    "time_stop_days": 18,
    "atr_period": 19,
    "atr_multiple": 3.086877688901685,
    "risk_per_trade_pct": 0.827928963193111,
    "slippage_bps": 0.0,
    "fees_per_trade": 0.0,
    "partial_take_profit_at": 0.023897191569881848,
    "partial_size_pct": 29.03789007174519,
    "risk_parity_target_vol": 0.0,
    "allow_neutral_bias": 0,
    "min_conviction": 66.36511308690157,
    "min_strength": 1.0,
    "use_rsi_exit": 0,
    "rsi_exit_overbought": 75.27067568408017,
    "rsi_exit_oversold": 42.60729227487159,
    "use_macd_exit": 0,
    "use_sma_exit": 0,
    "one_position_per_ticker": 0,
    "need_implied_up": 0,
    "min_direction_strength_gene": 1.3086895403426317,
    "max_stale_risk": 1.9032803687309698,
    "cg_min_tradability": 65.2751016587347,
    "use_sentiment_gate": 0,
    "min_des_conf": 0.36277734203082934,
    "min_des_raw": 0.05770333894521517,
    "require_above_sma20": 0,
    "require_above_sma50": 0,
    "allow_below_sma200": 0,
    "min_trend_strength": 1.9439884264519782,
    "min_trend_slope_pct_per_day": 0.630154511485375,
    "min_rsi": 52.40044490831139,
    "max_rsi": 80.2802665497342,
    "mfi_max_for_longs": 79.4789033233364,
    "min_macd_hist_for_longs": 0.2,
    "max_price_to_resistance_pct": 3.996970345046888,
    "min_distance_to_support_pct": 4.513525601571057,
    "min_vol_ratio": 0.7545910875223644,
    "max_vol_ratio": 1.7801505623483027,
    "use_catalyst_bonus": 0,
    "use_watchout_penalty": 0,
    "w_reg_approval": 1.2002508872799866,
    "w_overbought_penalty": 0.6385671184355919,
    "w_delisting": 1.2324269587445675,
    "min_pretrade_score": 1.0346861530196199,
    "w_cons": 0.19461278547446859,
    "w_trades": 0.1206145213388388,
    "min_trades_required": 12
  }
}