{
  "trades": 56,
  "total_pnl": 12110.13670139479,
  "win_rate": 0.9821428571428571,
  "cagr": 3.0,
  "sharpe": 5.0,
  "sortino": 5.0,
  "profit_factor": 10.0,
  "max_dd": 0.0005273062025465702,
  "calmar": 5689.293972860197,
  "vol": 0.010379013753483044,
  "expectancy": 216.25244109633553,
  "end_equity": 112110.13670139479,
  "mean_pretrade_score": 1.4198214285714286,
  "watchout_hits": 0.03571428571428571,
  "score": 2.4970181924781736
}