{
  "min_tradability": 40.41123891432302,
  "max_uncertainty": 1.2171541734344025,
  "bear_rsi_max": 43.68743144472899,
  "bear_macd_hist_max": 0.059036094339154445,
  "require_below_sma20_for_short": 0,
  "bull_rsi_min": 46.210377527711785,
  "bull_macd_hist_min": 0.05046754980559778,
  "bull_require_price_above_sma20": 0,
  "bull_confirm_count_needed": 3,
  "stop_type": 0,
  "stop_loss_pct": 0.15,
  "take_profit_pct": 0.06008975056789131,
  "trailing_stop_pct": 0.14972032067481916,
  "time_stop_days": 22,
  "atr_period": 26,
  "atr_multiple": 2.3422929926994804,
  "risk_per_trade_pct": 1.2509397509392959,
  "slippage_bps": 4.886645084387681,
  "fees_per_trade": 1.3132306741493656,
  "partial_take_profit_at": 0.022221856341591625,
  "partial_size_pct": 80.0,
  "risk_parity_target_vol": 0.0,
  "allow_neutral_bias": 0,
  "min_conviction": 57.27068767491742,
  "min_strength": 1.0,
  "use_rsi_exit": 0,
  "rsi_exit_overbought": 80.31356405980773,
  "rsi_exit_oversold": 38.5972853468849,
  "use_macd_exit": 0,
  "use_sma_exit": 0,
  "one_position_per_ticker": 0,
  "need_implied_up": 1,
  "min_direction_strength_gene": 0.6600434218929037,
  "max_stale_risk": 2.0009257406661436,
  "cg_min_tradability": 89.07333273579007,
  "use_sentiment_gate": 0,
  "min_des_conf": 0.4646560641914299,
  "min_des_raw": 0.04468054450649102,
  "require_above_sma20": 0,
  "require_above_sma50": 0,
  "allow_below_sma200": 1,
  "min_trend_strength": 0.0,
  "min_trend_slope_pct_per_day": 1.8051326276086814,
  "min_rsi": 48.0,
  "max_rsi": 74.13486888243153,
  "mfi_max_for_longs": 77.89092392147158,
  "min_macd_hist_for_longs": 0.13972655520669783,
  "max_price_to_resistance_pct": 1.6377347706164465,
  "min_distance_to_support_pct": 1.0,
  "min_vol_ratio": 0.7589870842684986,
  "max_vol_ratio": 2.2565117604859415,
  "use_catalyst_bonus": 0,
  "use_watchout_penalty": 0,
  "w_reg_approval": 1.1272246022733046,
  "w_overbought_penalty": 0.5178436935520414,
  "w_delisting": 0.5948966893269507,
  "min_pretrade_score": 1.5,
  "w_cons": 0.009099191001872536,
  "w_trades": 0.3421092097904488,
  "min_trades_required": 9
}