{
  "min_tradability": 25.039512739677633,
  "max_uncertainty": 2.429732270735052,
  "bear_rsi_max": 50.163000202148616,
  "bear_macd_hist_max": -0.2,
  "require_below_sma20_for_short": 0,
  "bull_rsi_min": 63.1309840132267,
  "bull_macd_hist_min": 0.12834518371066,
  "bull_require_price_above_sma20": 0,
  "bull_confirm_count_needed": 3,
  "stop_type": 0,
  "stop_loss_pct": 0.14913584548153902,
  "take_profit_pct": 0.1797755007520876,
  "trailing_stop_pct": -0.2603490798978655,
  "time_stop_days": 16,
  "atr_period": 20,
  "atr_multiple": 1.8677622492027848,
  "risk_per_trade_pct": 0.9269136584840858,
  "slippage_bps": 18.459811569349455,
  "fees_per_trade": 0.8160954573858114,
  "partial_take_profit_at": 0.020273774835158815,
  "partial_size_pct": 80.0,
  "risk_parity_target_vol": 0.0,
  "allow_neutral_bias": 1,
  "min_conviction": 45.0,
  "min_strength": 1.0,
  "use_rsi_exit": 0,
  "rsi_exit_overbought": 81.41671669068083,
  "rsi_exit_oversold": 33.54299237129445,
  "use_macd_exit": 0,
  "use_sma_exit": 0,
  "one_position_per_ticker": 0,
  "need_implied_up": 0,
  "min_direction_strength_gene": 0.7182427116384349,
  "max_stale_risk": 1.0150581722214054,
  "cg_min_tradability": 67.41920171306133,
  "use_sentiment_gate": 0,
  "min_des_conf": 0.593096939025935,
  "min_des_raw": 0.05848203445323834,
  "require_above_sma20": 0,
  "require_above_sma50": 0,
  "allow_below_sma200": 0,
  "min_trend_strength": 1.6712661740223371,
  "min_trend_slope_pct_per_day": 0.8026750829085968,
  "min_rsi": 52.47979594481106,
  "max_rsi": 82.48691219642558,
  "mfi_max_for_longs": 78.18339057275708,
  "min_macd_hist_for_longs": 0.17312331233254047,
  "max_price_to_resistance_pct": 1.2652622118330066,
  "min_distance_to_support_pct": 2.123560568838203,
  "min_vol_ratio": 0.84578848062142,
  "max_vol_ratio": 1.4,
  "use_catalyst_bonus": 0,
  "use_watchout_penalty": 0,
  "w_reg_approval": 0.4410620599874673,
  "w_overbought_penalty": 0.47821134851474656,
  "w_delisting": 1.366991534550349,
  "min_pretrade_score": 1.4679450857947263,
  "w_cons": 0.022579849177735742,
  "w_trades": 0.40413628933736234,
  "min_trades_required": 10
}