{
  "trades": 58,
  "total_pnl": 11710.422082389023,
  "win_rate": 0.9827586206896551,
  "cagr": 3.0,
  "sharpe": 5.0,
  "sortino": 5.0,
  "profit_factor": 10.0,
  "max_dd": 0.0004757427604085287,
  "calmar": 6305.9288541224405,
  "vol": 0.014952240824784252,
  "expectancy": 201.9038290067073,
  "end_equity": 111710.42208238904,
  "mean_pretrade_score": 1.3763793103448279,
  "watchout_hits": 0.034482758620689655,
  "score": 2.4966379151583644
}