{
  "count": 80,
  "sum_duration": 39037.98080253601,
  "sum_article_tokens": 0.0,
  "sum_summary_tokens": 0.0,
  "sum_total_tokens": 0.0,
  "matrix": {
    "xx00": 80.0,
    "xx01": 0.0,
    "xx02": 0.0,
    "xx11": 0.0,
    "xx12": 0.0,
    "xx22": 0.0
  },
  "vector": {
    "xy0": 39037.98080253601,
    "xy1": 0.0,
    "xy2": 0.0
  }
}