{
  "count": 725,
  "sum_duration": 352311.68313360214,
  "sum_article_tokens": 0.0,
  "sum_summary_tokens": 0.0,
  "sum_total_tokens": 0.0,
  "matrix": {
    "xx00": 725.0,
    "xx01": 0.0,
    "xx02": 0.0,
    "xx11": 0.0,
    "xx12": 0.0,
    "xx22": 0.0
  },
  "vector": {
    "xy0": 352311.68313360214,
    "xy1": 0.0,
    "xy2": 0.0
  }
}