{
  "count": 842,
  "sum_duration": 412834.08362174034,
  "sum_article_tokens": 0.0,
  "sum_summary_tokens": 0.0,
  "sum_total_tokens": 0.0,
  "matrix": {
    "xx00": 842.0,
    "xx01": 0.0,
    "xx02": 0.0,
    "xx11": 0.0,
    "xx12": 0.0,
    "xx22": 0.0
  },
  "vector": {
    "xy0": 412834.08362174034,
    "xy1": 0.0,
    "xy2": 0.0
  }
}